{
  "text": " Thank you for calling All-Phil and Augur Fabrication. Our team is currently unavailable due to a company holiday event. Please leave a message and we will return your call on the next business day. You can also reach us through our website at allphil.com or augurfabrication.com.",
  "language": "en",
  "segments": [
    {
      "id": 0,
      "seek": 0,
      "start": 0.0,
      "end": 3.8000000000000003,
      "text": " Thank you for calling All-Phil and Augur Fabrication.",
      "tokens": [
        50365,
        1044,
        291,
        337,
        5141,
        1057,
        12,
        24382,
        388,
        293,
        6088,
        374,
        17440,
        1341,
        399,
        13,
        50555
      ],
      "temperature": 0.0,
      "avg_logprob": -0.1366807410591527,
      "compression_ratio": 1.4381443298969072,
      "no_speech_prob": 0.08496011793613434
    },
    {
      "id": 1,
      "seek": 0,
      "start": 4.0600000000000005,
      "end": 7.62,
      "text": " Our team is currently unavailable due to a company holiday event.",
      "tokens": [
        50568,
        2621,
        1469,
        307,
        4362,
        36541,
        32699,
        3462,
        281,
        257,
        2237,
        9960,
        2280,
        13,
        50746
      ],
      "temperature": 0.0,
      "avg_logprob": -0.1366807410591527,
      "compression_ratio": 1.4381443298969072,
      "no_speech_prob": 0.08496011793613434
    },
    {
      "id": 2,
      "seek": 0,
      "start": 8.040000000000001,
      "end": 11.64,
      "text": " Please leave a message and we will return your call on the next business day.",
      "tokens": [
        50767,
        2555,
        1856,
        257,
        3636,
        293,
        321,
        486,
        2736,
        428,
        818,
        322,
        264,
        958,
        1606,
        786,
        13,
        50947
      ],
      "temperature": 0.0,
      "avg_logprob": -0.1366807410591527,
      "compression_ratio": 1.4381443298969072,
      "no_speech_prob": 0.08496011793613434
    },
    {
      "id": 3,
      "seek": 0,
      "start": 12.06,
      "end": 17.04,
      "text": " You can also reach us through our website at allphil.com or augurfabrication.com.",
      "tokens": [
        50968,
        509,
        393,
        611,
        2524,
        505,
        807,
        527,
        3144,
        412,
        439,
        950,
        388,
        13,
        1112,
        420,
        14501,
        21844,
        455,
        1341,
        399,
        13,
        1112,
        13,
        51217
      ],
      "temperature": 0.0,
      "avg_logprob": -0.1366807410591527,
      "compression_ratio": 1.4381443298969072,
      "no_speech_prob": 0.08496011793613434
    }
  ],
  "source_file": "Holiday_Event_HD.wav",
  "processed_at": "2025-12-30T00:04:02.156159"
}