{
  "text": " Thank you for calling All-Phil and Augur Fabrication. We are currently assisting other customers. Please leave a message and we will return your call as soon as possible. You may also chat with us on our website at allphil.com or augurfabrication.com.",
  "language": "en",
  "segments": [
    {
      "id": 0,
      "seek": 0,
      "start": 0.0,
      "end": 3.88,
      "text": " Thank you for calling All-Phil and Augur Fabrication.",
      "tokens": [
        50365,
        1044,
        291,
        337,
        5141,
        1057,
        12,
        24382,
        388,
        293,
        6088,
        374,
        17440,
        1341,
        399,
        13,
        50559
      ],
      "temperature": 0.0,
      "avg_logprob": -0.12403440475463867,
      "compression_ratio": 1.4180790960451977,
      "no_speech_prob": 0.06366249173879623
    },
    {
      "id": 1,
      "seek": 0,
      "start": 4.12,
      "end": 6.22,
      "text": " We are currently assisting other customers.",
      "tokens": [
        50571,
        492,
        366,
        4362,
        40368,
        661,
        4581,
        13,
        50676
      ],
      "temperature": 0.0,
      "avg_logprob": -0.12403440475463867,
      "compression_ratio": 1.4180790960451977,
      "no_speech_prob": 0.06366249173879623
    },
    {
      "id": 2,
      "seek": 0,
      "start": 6.86,
      "end": 9.94,
      "text": " Please leave a message and we will return your call as soon as possible.",
      "tokens": [
        50708,
        2555,
        1856,
        257,
        3636,
        293,
        321,
        486,
        2736,
        428,
        818,
        382,
        2321,
        382,
        1944,
        13,
        50862
      ],
      "temperature": 0.0,
      "avg_logprob": -0.12403440475463867,
      "compression_ratio": 1.4180790960451977,
      "no_speech_prob": 0.06366249173879623
    },
    {
      "id": 3,
      "seek": 0,
      "start": 10.48,
      "end": 16.2,
      "text": " You may also chat with us on our website at allphil.com or augurfabrication.com.",
      "tokens": [
        50889,
        509,
        815,
        611,
        5081,
        365,
        505,
        322,
        527,
        3144,
        412,
        439,
        950,
        388,
        13,
        1112,
        420,
        14501,
        21844,
        455,
        1341,
        399,
        13,
        1112,
        13,
        51175
      ],
      "temperature": 0.0,
      "avg_logprob": -0.12403440475463867,
      "compression_ratio": 1.4180790960451977,
      "no_speech_prob": 0.06366249173879623
    }
  ],
  "source_file": "Main_AA.wav",
  "processed_at": "2025-12-30T00:04:06.538342"
}